Редакция;Дата;Проектное обозначение;Площадь в приказе, м2;Площадь по контуру, м2;Назначение;Контур, страницы PDF;Источник
"364";"2026-08-21";"39:05:030612:286:ЗУ1";"";"5608.91";"Развлекательные мероприятия (код 4.8.1)";"26";"https://xn--80afebak0adtkxo.xn--p1ai/graddocs/normgrad/%D0%9F%D0%A0%D0%98%D0%9A%D0%90%D0%97%20%D0%9C%D0%B8%D0%BD%D0%B3%D1%80%D0%B0%D0%B4%D0%B0%20%D0%BE%D1%82%2021.08.2026%20%E2%84%96%20364%20%D0%9E%D0%B1%20%D1%83%D1%82%D0%B2.%20%D0%B8%D0%B7%D0%BC.%20%D0%B2%20%D0%9F%D0%9C%D0%A2%20%28%D0%9A%D1%83%D1%80%D0%BE%D1%80%D1%82%20%D0%91%D0%B5%D0%BB%D0%B0%D1%8F%20%D0%94%D1%8E%D0%BD%D0%B0%29_compressed.pdf#page=26"
"364";"2026-08-21";"39:05:030612:286:ЗУ2";"";"25399.51";"Развлекательные мероприятия (код 4.8.1)";"26";"https://xn--80afebak0adtkxo.xn--p1ai/graddocs/normgrad/%D0%9F%D0%A0%D0%98%D0%9A%D0%90%D0%97%20%D0%9C%D0%B8%D0%BD%D0%B3%D1%80%D0%B0%D0%B4%D0%B0%20%D0%BE%D1%82%2021.08.2026%20%E2%84%96%20364%20%D0%9E%D0%B1%20%D1%83%D1%82%D0%B2.%20%D0%B8%D0%B7%D0%BC.%20%D0%B2%20%D0%9F%D0%9C%D0%A2%20%28%D0%9A%D1%83%D1%80%D0%BE%D1%80%D1%82%20%D0%91%D0%B5%D0%BB%D0%B0%D1%8F%20%D0%94%D1%8E%D0%BD%D0%B0%29_compressed.pdf#page=26"
"364";"2026-08-21";"39:05:030612:269:ЗУ2";"3988";"3988.46";"Объекты торговли (торговые центры, торгово-развлекательные центры (комплексы); магазины; хранение автотранспорта)";"26";"https://xn--80afebak0adtkxo.xn--p1ai/graddocs/normgrad/%D0%9F%D0%A0%D0%98%D0%9A%D0%90%D0%97%20%D0%9C%D0%B8%D0%BD%D0%B3%D1%80%D0%B0%D0%B4%D0%B0%20%D0%BE%D1%82%2021.08.2026%20%E2%84%96%20364%20%D0%9E%D0%B1%20%D1%83%D1%82%D0%B2.%20%D0%B8%D0%B7%D0%BC.%20%D0%B2%20%D0%9F%D0%9C%D0%A2%20%28%D0%9A%D1%83%D1%80%D0%BE%D1%80%D1%82%20%D0%91%D0%B5%D0%BB%D0%B0%D1%8F%20%D0%94%D1%8E%D0%BD%D0%B0%29_compressed.pdf#page=26"
"364";"2026-08-21";"39:05:030612:269:ЗУ3";"19285";"19285.49";"Объекты торговли (торговые центры, торгово-развлекательные центры (комплексы); магазины; хранение автотранспорта)";"26";"https://xn--80afebak0adtkxo.xn--p1ai/graddocs/normgrad/%D0%9F%D0%A0%D0%98%D0%9A%D0%90%D0%97%20%D0%9C%D0%B8%D0%BD%D0%B3%D1%80%D0%B0%D0%B4%D0%B0%20%D0%BE%D1%82%2021.08.2026%20%E2%84%96%20364%20%D0%9E%D0%B1%20%D1%83%D1%82%D0%B2.%20%D0%B8%D0%B7%D0%BC.%20%D0%B2%20%D0%9F%D0%9C%D0%A2%20%28%D0%9A%D1%83%D1%80%D0%BE%D1%80%D1%82%20%D0%91%D0%B5%D0%BB%D0%B0%D1%8F%20%D0%94%D1%8E%D0%BD%D0%B0%29_compressed.pdf#page=26"
"364";"2026-08-21";"39:05:030612:281:ЗУ1";"1718";"1718.08";"Благоустройство территории (код 12.0.2)";"26";"https://xn--80afebak0adtkxo.xn--p1ai/graddocs/normgrad/%D0%9F%D0%A0%D0%98%D0%9A%D0%90%D0%97%20%D0%9C%D0%B8%D0%BD%D0%B3%D1%80%D0%B0%D0%B4%D0%B0%20%D0%BE%D1%82%2021.08.2026%20%E2%84%96%20364%20%D0%9E%D0%B1%20%D1%83%D1%82%D0%B2.%20%D0%B8%D0%B7%D0%BC.%20%D0%B2%20%D0%9F%D0%9C%D0%A2%20%28%D0%9A%D1%83%D1%80%D0%BE%D1%80%D1%82%20%D0%91%D0%B5%D0%BB%D0%B0%D1%8F%20%D0%94%D1%8E%D0%BD%D0%B0%29_compressed.pdf#page=26"
"364";"2026-08-21";"39:05:030612:269:ЗУ4";"9343";"9341.08";"";"26";"https://xn--80afebak0adtkxo.xn--p1ai/graddocs/normgrad/%D0%9F%D0%A0%D0%98%D0%9A%D0%90%D0%97%20%D0%9C%D0%B8%D0%BD%D0%B3%D1%80%D0%B0%D0%B4%D0%B0%20%D0%BE%D1%82%2021.08.2026%20%E2%84%96%20364%20%D0%9E%D0%B1%20%D1%83%D1%82%D0%B2.%20%D0%B8%D0%B7%D0%BC.%20%D0%B2%20%D0%9F%D0%9C%D0%A2%20%28%D0%9A%D1%83%D1%80%D0%BE%D1%80%D1%82%20%D0%91%D0%B5%D0%BB%D0%B0%D1%8F%20%D0%94%D1%8E%D0%BD%D0%B0%29_compressed.pdf#page=26"
"364";"2026-08-21";"39:05:030612:280:ЗУ1";"5926";"5926.89";"Благоустройство территории (код 12.0.2)";"26";"https://xn--80afebak0adtkxo.xn--p1ai/graddocs/normgrad/%D0%9F%D0%A0%D0%98%D0%9A%D0%90%D0%97%20%D0%9C%D0%B8%D0%BD%D0%B3%D1%80%D0%B0%D0%B4%D0%B0%20%D0%BE%D1%82%2021.08.2026%20%E2%84%96%20364%20%D0%9E%D0%B1%20%D1%83%D1%82%D0%B2.%20%D0%B8%D0%B7%D0%BC.%20%D0%B2%20%D0%9F%D0%9C%D0%A2%20%28%D0%9A%D1%83%D1%80%D0%BE%D1%80%D1%82%20%D0%91%D0%B5%D0%BB%D0%B0%D1%8F%20%D0%94%D1%8E%D0%BD%D0%B0%29_compressed.pdf#page=26"
"364";"2026-08-21";"39:05:030612:281:ЗУ2";"400";"400.0";"";"26";"https://xn--80afebak0adtkxo.xn--p1ai/graddocs/normgrad/%D0%9F%D0%A0%D0%98%D0%9A%D0%90%D0%97%20%D0%9C%D0%B8%D0%BD%D0%B3%D1%80%D0%B0%D0%B4%D0%B0%20%D0%BE%D1%82%2021.08.2026%20%E2%84%96%20364%20%D0%9E%D0%B1%20%D1%83%D1%82%D0%B2.%20%D0%B8%D0%B7%D0%BC.%20%D0%B2%20%D0%9F%D0%9C%D0%A2%20%28%D0%9A%D1%83%D1%80%D0%BE%D1%80%D1%82%20%D0%91%D0%B5%D0%BB%D0%B0%D1%8F%20%D0%94%D1%8E%D0%BD%D0%B0%29_compressed.pdf#page=26"
"364";"2026-08-21";"39:05:030612:281:ЗУ3";"2968";"2968.6";"";"26";"https://xn--80afebak0adtkxo.xn--p1ai/graddocs/normgrad/%D0%9F%D0%A0%D0%98%D0%9A%D0%90%D0%97%20%D0%9C%D0%B8%D0%BD%D0%B3%D1%80%D0%B0%D0%B4%D0%B0%20%D0%BE%D1%82%2021.08.2026%20%E2%84%96%20364%20%D0%9E%D0%B1%20%D1%83%D1%82%D0%B2.%20%D0%B8%D0%B7%D0%BC.%20%D0%B2%20%D0%9F%D0%9C%D0%A2%20%28%D0%9A%D1%83%D1%80%D0%BE%D1%80%D1%82%20%D0%91%D0%B5%D0%BB%D0%B0%D1%8F%20%D0%94%D1%8E%D0%BD%D0%B0%29_compressed.pdf#page=26"
"364";"2026-08-21";"39:05:030612:284:ЗУ2";"1659";"1658.99";"Благоустройство территории (код 12.0.2)";"26";"https://xn--80afebak0adtkxo.xn--p1ai/graddocs/normgrad/%D0%9F%D0%A0%D0%98%D0%9A%D0%90%D0%97%20%D0%9C%D0%B8%D0%BD%D0%B3%D1%80%D0%B0%D0%B4%D0%B0%20%D0%BE%D1%82%2021.08.2026%20%E2%84%96%20364%20%D0%9E%D0%B1%20%D1%83%D1%82%D0%B2.%20%D0%B8%D0%B7%D0%BC.%20%D0%B2%20%D0%9F%D0%9C%D0%A2%20%28%D0%9A%D1%83%D1%80%D0%BE%D1%80%D1%82%20%D0%91%D0%B5%D0%BB%D0%B0%D1%8F%20%D0%94%D1%8E%D0%BD%D0%B0%29_compressed.pdf#page=26"
"364";"2026-08-21";"39:05:030612:284:ЗУ1";"598";"597.77";"Благоустройство территории (код 12.0.2)";"26";"https://xn--80afebak0adtkxo.xn--p1ai/graddocs/normgrad/%D0%9F%D0%A0%D0%98%D0%9A%D0%90%D0%97%20%D0%9C%D0%B8%D0%BD%D0%B3%D1%80%D0%B0%D0%B4%D0%B0%20%D0%BE%D1%82%2021.08.2026%20%E2%84%96%20364%20%D0%9E%D0%B1%20%D1%83%D1%82%D0%B2.%20%D0%B8%D0%B7%D0%BC.%20%D0%B2%20%D0%9F%D0%9C%D0%A2%20%28%D0%9A%D1%83%D1%80%D0%BE%D1%80%D1%82%20%D0%91%D0%B5%D0%BB%D0%B0%D1%8F%20%D0%94%D1%8E%D0%BD%D0%B0%29_compressed.pdf#page=26"
"364";"2026-08-21";"39:05:000000:3У3";"";"3003.95";"";"26, 27";"https://xn--80afebak0adtkxo.xn--p1ai/graddocs/normgrad/%D0%9F%D0%A0%D0%98%D0%9A%D0%90%D0%97%20%D0%9C%D0%B8%D0%BD%D0%B3%D1%80%D0%B0%D0%B4%D0%B0%20%D0%BE%D1%82%2021.08.2026%20%E2%84%96%20364%20%D0%9E%D0%B1%20%D1%83%D1%82%D0%B2.%20%D0%B8%D0%B7%D0%BC.%20%D0%B2%20%D0%9F%D0%9C%D0%A2%20%28%D0%9A%D1%83%D1%80%D0%BE%D1%80%D1%82%20%D0%91%D0%B5%D0%BB%D0%B0%D1%8F%20%D0%94%D1%8E%D0%BD%D0%B0%29_compressed.pdf#page=26"
"364";"2026-08-21";"39:05:030612:3У39";"10023";"10021.02";"Благоустройство территории (код 12.0.2)";"27";"https://xn--80afebak0adtkxo.xn--p1ai/graddocs/normgrad/%D0%9F%D0%A0%D0%98%D0%9A%D0%90%D0%97%20%D0%9C%D0%B8%D0%BD%D0%B3%D1%80%D0%B0%D0%B4%D0%B0%20%D0%BE%D1%82%2021.08.2026%20%E2%84%96%20364%20%D0%9E%D0%B1%20%D1%83%D1%82%D0%B2.%20%D0%B8%D0%B7%D0%BC.%20%D0%B2%20%D0%9F%D0%9C%D0%A2%20%28%D0%9A%D1%83%D1%80%D0%BE%D1%80%D1%82%20%D0%91%D0%B5%D0%BB%D0%B0%D1%8F%20%D0%94%D1%8E%D0%BD%D0%B0%29_compressed.pdf#page=27"
"364";"2026-08-21";"39:05:030612:3У31";"34085";"34083.85";"Благоустройство территории (код 12.0.2)";"27";"https://xn--80afebak0adtkxo.xn--p1ai/graddocs/normgrad/%D0%9F%D0%A0%D0%98%D0%9A%D0%90%D0%97%20%D0%9C%D0%B8%D0%BD%D0%B3%D1%80%D0%B0%D0%B4%D0%B0%20%D0%BE%D1%82%2021.08.2026%20%E2%84%96%20364%20%D0%9E%D0%B1%20%D1%83%D1%82%D0%B2.%20%D0%B8%D0%B7%D0%BC.%20%D0%B2%20%D0%9F%D0%9C%D0%A2%20%28%D0%9A%D1%83%D1%80%D0%BE%D1%80%D1%82%20%D0%91%D0%B5%D0%BB%D0%B0%D1%8F%20%D0%94%D1%8E%D0%BD%D0%B0%29_compressed.pdf#page=27"
"364";"2026-08-21";"39:05:030612:3У30";"1511";"1511.07";"Улично-дорожная сеть (код 12.0.1)";"27";"https://xn--80afebak0adtkxo.xn--p1ai/graddocs/normgrad/%D0%9F%D0%A0%D0%98%D0%9A%D0%90%D0%97%20%D0%9C%D0%B8%D0%BD%D0%B3%D1%80%D0%B0%D0%B4%D0%B0%20%D0%BE%D1%82%2021.08.2026%20%E2%84%96%20364%20%D0%9E%D0%B1%20%D1%83%D1%82%D0%B2.%20%D0%B8%D0%B7%D0%BC.%20%D0%B2%20%D0%9F%D0%9C%D0%A2%20%28%D0%9A%D1%83%D1%80%D0%BE%D1%80%D1%82%20%D0%91%D0%B5%D0%BB%D0%B0%D1%8F%20%D0%94%D1%8E%D0%BD%D0%B0%29_compressed.pdf#page=27"
"364";"2026-08-21";"39:05:030612:3У29";"15783";"15781.86";"Благоустройство территории (код 12.0.2)";"27";"https://xn--80afebak0adtkxo.xn--p1ai/graddocs/normgrad/%D0%9F%D0%A0%D0%98%D0%9A%D0%90%D0%97%20%D0%9C%D0%B8%D0%BD%D0%B3%D1%80%D0%B0%D0%B4%D0%B0%20%D0%BE%D1%82%2021.08.2026%20%E2%84%96%20364%20%D0%9E%D0%B1%20%D1%83%D1%82%D0%B2.%20%D0%B8%D0%B7%D0%BC.%20%D0%B2%20%D0%9F%D0%9C%D0%A2%20%28%D0%9A%D1%83%D1%80%D0%BE%D1%80%D1%82%20%D0%91%D0%B5%D0%BB%D0%B0%D1%8F%20%D0%94%D1%8E%D0%BD%D0%B0%29_compressed.pdf#page=27"
"364";"2026-08-21";"39:05:030614:153:3У2";"2923";"2922.97";"Благоустройство территории (код 12.0.2)";"27";"https://xn--80afebak0adtkxo.xn--p1ai/graddocs/normgrad/%D0%9F%D0%A0%D0%98%D0%9A%D0%90%D0%97%20%D0%9C%D0%B8%D0%BD%D0%B3%D1%80%D0%B0%D0%B4%D0%B0%20%D0%BE%D1%82%2021.08.2026%20%E2%84%96%20364%20%D0%9E%D0%B1%20%D1%83%D1%82%D0%B2.%20%D0%B8%D0%B7%D0%BC.%20%D0%B2%20%D0%9F%D0%9C%D0%A2%20%28%D0%9A%D1%83%D1%80%D0%BE%D1%80%D1%82%20%D0%91%D0%B5%D0%BB%D0%B0%D1%8F%20%D0%94%D1%8E%D0%BD%D0%B0%29_compressed.pdf#page=27"
"364";"2026-08-21";"39:05:030614:153:3У3";"400";"400.47";"Благоустройство территории (код 12.0.2)";"27";"https://xn--80afebak0adtkxo.xn--p1ai/graddocs/normgrad/%D0%9F%D0%A0%D0%98%D0%9A%D0%90%D0%97%20%D0%9C%D0%B8%D0%BD%D0%B3%D1%80%D0%B0%D0%B4%D0%B0%20%D0%BE%D1%82%2021.08.2026%20%E2%84%96%20364%20%D0%9E%D0%B1%20%D1%83%D1%82%D0%B2.%20%D0%B8%D0%B7%D0%BC.%20%D0%B2%20%D0%9F%D0%9C%D0%A2%20%28%D0%9A%D1%83%D1%80%D0%BE%D1%80%D1%82%20%D0%91%D0%B5%D0%BB%D0%B0%D1%8F%20%D0%94%D1%8E%D0%BD%D0%B0%29_compressed.pdf#page=27"
"364";"2026-08-21";"39:05:030614:153:3У4";"2342";"2341.63";"Благоустройство территории (код 12.0.2)";"27";"https://xn--80afebak0adtkxo.xn--p1ai/graddocs/normgrad/%D0%9F%D0%A0%D0%98%D0%9A%D0%90%D0%97%20%D0%9C%D0%B8%D0%BD%D0%B3%D1%80%D0%B0%D0%B4%D0%B0%20%D0%BE%D1%82%2021.08.2026%20%E2%84%96%20364%20%D0%9E%D0%B1%20%D1%83%D1%82%D0%B2.%20%D0%B8%D0%B7%D0%BC.%20%D0%B2%20%D0%9F%D0%9C%D0%A2%20%28%D0%9A%D1%83%D1%80%D0%BE%D1%80%D1%82%20%D0%91%D0%B5%D0%BB%D0%B0%D1%8F%20%D0%94%D1%8E%D0%BD%D0%B0%29_compressed.pdf#page=27"
"364";"2026-08-21";"39:05:030614:153:3У5";"2350";"2349.46";"Благоустройство территории (код 12.0.2)";"27";"https://xn--80afebak0adtkxo.xn--p1ai/graddocs/normgrad/%D0%9F%D0%A0%D0%98%D0%9A%D0%90%D0%97%20%D0%9C%D0%B8%D0%BD%D0%B3%D1%80%D0%B0%D0%B4%D0%B0%20%D0%BE%D1%82%2021.08.2026%20%E2%84%96%20364%20%D0%9E%D0%B1%20%D1%83%D1%82%D0%B2.%20%D0%B8%D0%B7%D0%BC.%20%D0%B2%20%D0%9F%D0%9C%D0%A2%20%28%D0%9A%D1%83%D1%80%D0%BE%D1%80%D1%82%20%D0%91%D0%B5%D0%BB%D0%B0%D1%8F%20%D0%94%D1%8E%D0%BD%D0%B0%29_compressed.pdf#page=27"
"364";"2026-08-21";"39:05:030614:153:3У6";"501";"500.83";"Благоустройство территории (код 12.0.2)";"27";"https://xn--80afebak0adtkxo.xn--p1ai/graddocs/normgrad/%D0%9F%D0%A0%D0%98%D0%9A%D0%90%D0%97%20%D0%9C%D0%B8%D0%BD%D0%B3%D1%80%D0%B0%D0%B4%D0%B0%20%D0%BE%D1%82%2021.08.2026%20%E2%84%96%20364%20%D0%9E%D0%B1%20%D1%83%D1%82%D0%B2.%20%D0%B8%D0%B7%D0%BC.%20%D0%B2%20%D0%9F%D0%9C%D0%A2%20%28%D0%9A%D1%83%D1%80%D0%BE%D1%80%D1%82%20%D0%91%D0%B5%D0%BB%D0%B0%D1%8F%20%D0%94%D1%8E%D0%BD%D0%B0%29_compressed.pdf#page=27"
"364";"2026-08-21";"39:05:030614:153:3У7";"6032";"6031.82";"Благоустройство территории (код 12.0.2)";"27";"https://xn--80afebak0adtkxo.xn--p1ai/graddocs/normgrad/%D0%9F%D0%A0%D0%98%D0%9A%D0%90%D0%97%20%D0%9C%D0%B8%D0%BD%D0%B3%D1%80%D0%B0%D0%B4%D0%B0%20%D0%BE%D1%82%2021.08.2026%20%E2%84%96%20364%20%D0%9E%D0%B1%20%D1%83%D1%82%D0%B2.%20%D0%B8%D0%B7%D0%BC.%20%D0%B2%20%D0%9F%D0%9C%D0%A2%20%28%D0%9A%D1%83%D1%80%D0%BE%D1%80%D1%82%20%D0%91%D0%B5%D0%BB%D0%B0%D1%8F%20%D0%94%D1%8E%D0%BD%D0%B0%29_compressed.pdf#page=27"
"255";"2025-08-04";"39:05:030612:ЗУ1";"170626";"170626.01";"Гостиничное обслуживание (код 4.7); туристическое обслуживание (код 5.2.1)";"26, 27";"https://xn--80afebak0adtkxo.xn--p1ai/graddocs/%D0%9F%D1%80%D0%B8%D0%BA%D0%B0%D0%B7%20%D0%9C%D0%B8%D0%BD%D0%B8%D1%81%D1%82%D0%B5%D1%80%D1%81%D1%82%D0%B2%D0%B0%20%D0%B3%D1%80%D0%B0%D0%B4.%20%D0%BF%D0%BE%D0%BB%D0%B8%D1%82%D0%B8%D0%BA%D0%B8%20%D0%BE%D1%82%2004.08.2025%20%E2%84%96%20255%20%D0%9E%D0%B1%20%D1%83%D1%82%D0%B2.%20%D0%9F%D0%9F%D0%A2%20%D0%B8%20%D0%9F%D0%9C%D0%A2%20%D0%91%D0%B5%D0%BB%D0%B0%D1%8F%20%D0%94%D1%8E%D0%BD%D0%B0.pdf#page=26"
"255";"2025-08-04";"39:05:030612:ЗУ2";"334519";"334519.15";"Гостиничное обслуживание (код 4.7); туристическое обслуживание (код 5.2.1); спорт (код 5.1)";"27";"https://xn--80afebak0adtkxo.xn--p1ai/graddocs/%D0%9F%D1%80%D0%B8%D0%BA%D0%B0%D0%B7%20%D0%9C%D0%B8%D0%BD%D0%B8%D1%81%D1%82%D0%B5%D1%80%D1%81%D1%82%D0%B2%D0%B0%20%D0%B3%D1%80%D0%B0%D0%B4.%20%D0%BF%D0%BE%D0%BB%D0%B8%D1%82%D0%B8%D0%BA%D0%B8%20%D0%BE%D1%82%2004.08.2025%20%E2%84%96%20255%20%D0%9E%D0%B1%20%D1%83%D1%82%D0%B2.%20%D0%9F%D0%9F%D0%A2%20%D0%B8%20%D0%9F%D0%9C%D0%A2%20%D0%91%D0%B5%D0%BB%D0%B0%D1%8F%20%D0%94%D1%8E%D0%BD%D0%B0.pdf#page=27"
"255";"2025-08-04";"39:05:030612:ЗУ3";"111942";"111940.58";"Объекты торговли (торговые центры, торгово-развлекательные центры (комплексы) (код 4.2); магазины (код 4.4); выставочно-ярмарочная деятельность (код 4.10); хранение автотранспорта (код 2.7.1)";"27";"https://xn--80afebak0adtkxo.xn--p1ai/graddocs/%D0%9F%D1%80%D0%B8%D0%BA%D0%B0%D0%B7%20%D0%9C%D0%B8%D0%BD%D0%B8%D1%81%D1%82%D0%B5%D1%80%D1%81%D1%82%D0%B2%D0%B0%20%D0%B3%D1%80%D0%B0%D0%B4.%20%D0%BF%D0%BE%D0%BB%D0%B8%D1%82%D0%B8%D0%BA%D0%B8%20%D0%BE%D1%82%2004.08.2025%20%E2%84%96%20255%20%D0%9E%D0%B1%20%D1%83%D1%82%D0%B2.%20%D0%9F%D0%9F%D0%A2%20%D0%B8%20%D0%9F%D0%9C%D0%A2%20%D0%91%D0%B5%D0%BB%D0%B0%D1%8F%20%D0%94%D1%8E%D0%BD%D0%B0.pdf#page=27"
