"Автор";"Год";"Статус";"Параметр";"Описание";"Источник";"Проверено"
"МЛА+";"2025";"Конкурсная концепция";"Как устроена территория";"Полосы застройки тянутся вдоль песчаных клиньев. У каждой очереди — собственное центральное общественное пространство.";"https://mlaplus.ru/projects/masterplans/belayaduna";"2026-10-10"
"МЛА+";"2025";"Конкурсная концепция";"Ландшафт и прогулки";"От берега вглубь клинья становятся зеленее. Песчаную набережную дополняет центральный парк.";"https://mlaplus.ru/projects/masterplans/belayaduna";"2026-10-10"
"МЛА+";"2025";"Конкурсная концепция";"Архитектура и ориентиры";"Башни-маяки завершают пешеходные оси; плотность и этажность снижаются к краям территории.";"https://mlaplus.ru/projects/masterplans/belayaduna";"2026-10-10"
"МЛА+";"2025";"Конкурсная концепция";"Что сказано об очередях";"Авторы описывают самостоятельные очереди: первая должна работать, пока следующие ещё строятся. Сроки ввода в портфолио не указаны.";"https://mlaplus.ru/projects/masterplans/belayaduna";"2026-10-10"
"Консорциум Института Генплана Москвы / MAParchitects";"2025";"Конкурсная концепция";"Как устроена территория";"Четыре основных района. Более плотный центр переходит в менее плотную застройку на периферии.";"https://maparchitects.ru/projects/master-plan-turisticheskogo-klastera-belaya-dyuna/";"2026-10-10"
"Консорциум Института Генплана Москвы / MAParchitects";"2025";"Конкурсная концепция";"Ландшафт и прогулки";"Озеленение и песчаные участки на изогнутых кровлях связывают здания с ландшафтом.";"https://maparchitects.ru/projects/master-plan-turisticheskogo-klastera-belaya-dyuna/";"2026-10-10"
"Консорциум Института Генплана Москвы / MAParchitects";"2025";"Конкурсная концепция";"Архитектура и ориентиры";"Кварталы до пяти этажей, красные черепичные крыши. Среди предложенных ориентиров — Янтарная башня и пирс «Алатырь».";"https://maparchitects.ru/projects/master-plan-turisticheskogo-klastera-belaya-dyuna/";"2026-10-10"
"Консорциум Института Генплана Москвы / MAParchitects";"2025";"Конкурсная концепция";"Что сказано об очередях";"Календарь ввода очередей на просмотренной странице портфолио не приведён.";"https://maparchitects.ru/projects/master-plan-turisticheskogo-klastera-belaya-dyuna/";"2026-10-10"
"Wowhaus";"2025";"Конкурсная концепция";"Как устроена территория";"Шесть тематических миров: морской, курортный, городской, природный, замковый и кинематографический.";"https://www.wowhaus.ru/project/belaya-dyuna";"2026-10-10"
"Wowhaus";"2025";"Конкурсная концепция";"Ландшафт и прогулки";"Центральный парк соединяет природные мотивы региона: дюны, болота, сосновые боры и заливные луга.";"https://www.wowhaus.ru/project/belaya-dyuna";"2026-10-10"
"Wowhaus";"2025";"Конкурсная концепция";"Архитектура и ориентиры";"Здания не выше пяти этажей; вымпелы-флюгеры помогают различать зоны вдоль прогулочной оси.";"https://www.wowhaus.ru/project/belaya-dyuna";"2026-10-10"
"Wowhaus";"2025";"Конкурсная концепция";"Что сказано об очередях";"Календарь ввода очередей на просмотренной странице портфолио не приведён.";"https://www.wowhaus.ru/project/belaya-dyuna";"2026-10-10"
